Category,Word
Inventions,Matches
Inventions,Gunpowder
Inventions,Wheel
Inventions,Printing
Inventions,Computer
Inventions,Internet
Inventions,Compass
Inventions,Plane
Inventions,TV
Inventions,Electricity
Inventions,Writing
Inventions,Steam Engine
Inventions,Car
Inventions,Telephone
Inventions,Camera
Inventions,Radio
Under The Sea,Octopus
Under The Sea,Starfish
Under The Sea,Lobster
Under The Sea,Seal
Under The Sea,Crab
Under The Sea,Giant Squid
Under The Sea,Sea Turtle
Under The Sea,Clownfish
Under The Sea,Shark
Under The Sea,Dolphin
Under The Sea,Seahorse
Under The Sea,Swordfish
Under The Sea,JellyFish
Under The Sea,Killer Whale
Under The Sea,Stingray
Under The Sea,Mermaid
Artists,Damien Hirst
Artists,Claude Monet
Artists,Banksy
Artists,Rembrandt
Artists,Salvador Dali
Artists,Pablo Picasso
Artists,Leonardo da Vinci
Artists,Andy Warhol
Artists,Michaelangelo
Artists,Mark Rothko
Artists,Keith Haring
Artists,Jeff Koons
Artists,Jackson Pollock
Artists,Edward Hopper
Artists,Georgia O'Keeffe
Artists,Vincent Van Goph
Musical Instruments,Electric Guitar
Musical Instruments,Piano
Musical Instruments,Violin
Musical Instruments,Drums
Musical Instruments,Bass Guitar
Musical Instruments,Saxophone
Musical Instruments,Cello
Musical Instruments,Glute
Musical Instruments,Clarinet
Musical Instruments,Trumpet
Musical Instruments,Hard
Musical Instruments,Bagpipes
Musical Instruments,Harmonica
Musical Instruments,Banjo
Musical Instruments,Voice
Musical Instruments,Uklele
Food,Pizza
Food,Pasta
Food,Eggs
Food,Susage
Food,Potatoes
Food,Salad
Food,Cheese
Food,Ice Cream
Food,Fish
Food,Soup
Food,Fruit
Food,Chocolate
Food,Cake
Food,Bread
Food,Chicken
Food,Beef
Children's Books,The Very Hungry Caterpillar
Children's Books,Harry Potter
Children's Books,101 Dalmtions
Children's Books,The Hobbit
Children's Books,Peter Pan
Children's Books,The Lion The Witch and The Wardrobe
Children's Books,Charlie and the Chocolate Factory
Children's Books,Where the Wild Things Are
Children's Books,Stuart Little
Children's Books,The Cat in the Hat
Children's Books,Winnie the Pooh
Children's Books,The Adventuers of Tom Sawyer
Children's Books,Charlotte's Web
Children's Books,The Jungle Book
Children's Books,Alice In Wonderland
Children's Books,Matilda
Drinks,Coffee
Drinks,Tea
Drinks,Lemonade
Drinks,Coca-Cola
Drinks,Wine
Drinks,Beer
Drinks,Punch
Drinks,Tequilla
Drinks,Hot Chocolate
Drinks,Milkshake
Drinks,Root Beer
Drinks,Water
Drinks,Smoothie
Drinks,Orange Juice
Drinks,Milk
Drinks,Champagne
Sports Stars,Tiger Woods
Sports Stars,Megan Rapinoe
Sports Stars,Michael Jordan
Sports Stars,Lebron James
Sports Stars,Michael Phelps
Sports Stars,Serena Williams
Sports Stars,Muhammad Ali
Sports Stars,Tom Brady
Sports Stars,Hope Solo
Sports Stars,Alex Rodriguez
Sports Stars,Wayne Gretzky
Sports Stars,Barry Bonds
Sports Stars,Tony Hawk
Sports Stars,Cori Coco Guaff
Sports Stars,Usain Bolt
Sports Stars,Hulk Hogan
World Wonders,Pyramids 
World Wonders,Eiffel Tower
World Wonders,Statue of Liberty
World Wonders,Big Ben
World Wonders,Stonehenge
World Wonders,Golden Gate Bridge
World Wonders,Colosseum
World Wonders,Sydney Opera House
World Wonders,Christ the Redeemer
World Wonders,Machu Piccu
World Wonders,Taj Mahal
World Wonders,Hoover Dam
World Wonders,Great Wall of China
World Wonders,Empire State Building
World Wonders,Mount Rushmore
World Wonders,Leaning Tower of Pizza
Toys ,Lego
Toys ,Rocking Horse
Toys ,Super Soaker
Toys ,Cabbage Path Dolls
Toys ,Rubrick's Cube
Toys ,Etch a Sketch
Toys ,Teddy Bear
Toys ,Play Doh
Toys ,Yo-yo 
Toys ,Frisbee
Toys ,Hot Wheels
Toys ,Barbie
Toys ,Slinky
Toys ,G.I. Joe
Toys ,Hula Hoop
Toys ,Furby
Musicals,West Side Story
Musicals,Cats
Musicals,Jersey Boys
Musicals,School of Rock
Musicals,Phantom of the Opera
Musicals,Les Miserables
Musicals,Oliver
Musicals,Hamilton
Musicals,Chicago
Musicals,42nd Street
Musicals,Annie
Musicals,Book of Mormon
Musicals,Lion King
Musicals,Wicked
Musicals,Hairspray
Musicals,Mamma Mia
Cartoon Animals,Garfield
Cartoon Animals,Scooby-Doo
Cartoon Animals,Yogi Bear
Cartoon Animals,Bugs Bunny
Cartoon Animals,Mickey Mouse
Cartoon Animals,Goofy
Cartoon Animals,Jiminy Cricket
Cartoon Animals,Kung Fu Panda
Cartoon Animals,Nemo
Cartoon Animals,Tony the Tiger
Cartoon Animals,Snoopy
Cartoon Animals,Bambi
Cartoon Animals,Dumbo
Cartoon Animals,Wile E. Coyote
Cartoon Animals,Simba
Cartoon Animals,Sonic the Hedgehog
Movies,Jurassic Park
Movies,Jaws
Movies,Raider of the Lost Arc
Movies,The Avengers
Movies,Transformers
Movies,Toy Story
Movies,Home Alone
Movies,Titanic
Movies,E.T.
Movies,The Wizard of Oz
Movies,King Kong
Movies,The Matrix
Movies,Shrek
Movies,The Godfather
Movies,Finding Nemo
Movies,Avatar
Presidents,Clinton
Presidents,Reagan
Presidents,Roosevelt (FDR)
Presidents,Eisenhower
Presidents,George W. Bush
Presidents,George Bush Sr.
Presidents,Obama
Presidents,Trump
Presidents,Kennedy
Presidents,Lincoln
Presidents,Washington
Presidents,Nixon
Presidents,Teddy Roosevelt
Presidents,Jefferson
Presidents,Adams
Presidents,Carter
TV Shows,Friends
TV Shows,Sex and the City
TV Shows,Star Trek
TV Shows,The Walking Dead
TV Shows,Breaking Bad
TV Shows,Days of Our Lives
TV Shows,Cheers
TV Shows,Lost
TV Shows,Happy Days
TV Shows,The X-Files
TV Shows,General Hospital
TV Shows,The Big Bang Theory
TV Shows,Mad Men
TV Shows,South Park
TV Shows,Game of Thrones
TV Shows,Golden Girls
Transport,Plane
Transport,Carter
Transport,Tank
Transport,Helicopter
Transport,Cruise Ship
Transport,Hovercraft
Transport,Motorbike
Transport,Bus
Transport,Segway
Transport,Cable Car
Transport,Jet Ski
Transport,Hot Air Balloon
Transport,Train
Transport,Spaceship
Transport,Magic Carpet
Transport,Broomstick
Civilizations,Romans
Civilizations,Egyptians
Civilizations,Mayans
Civilizations,Mongols
Civilizations,Aztecs
Civilizations,Japanese
Civilizations,Persians
Civilizations,Greeks
Civilizations,Turks
Civilizations,Vikings
Civilizations,Incas
Civilizations,Spanish
Civilizations,Zulu
Civilizations,Chinese
Civilizations,Spartans
Civilizations,Aliens
Countries,UK
Countries,Spain
Countries,Japan
Countries,Brazil
Countries,France
Countries,USA
Countries,Italy
Countries,Australia
Countries,Germany
Countries,Mexico
Countries,India
Countries,Isreal
Countries,Canada
Countries,China
Countries,Russia
Countries,Egypt
Wedding Aniversaries,Wood
Wedding Aniversaries,China
Wedding Aniversaries,Paper
Wedding Aniversaries,Cotton
Wedding Aniversaries,Bronze
Wedding Aniversaries,Gold
Wedding Aniversaries,Ruby
Wedding Aniversaries,Diamond
Wedding Aniversaries,Crystal
Wedding Aniversaries,Flowers
Wedding Aniversaries,Silk
Wedding Aniversaries,Leather
Wedding Aniversaries,Pearl
Wedding Aniversaries,Coral
Wedding Aniversaries,Tin
Wedding Aniversaries,Wool
Bands,The Beatles
Bands,The Rolling Stones
Bands,AC/DC
Bands,Nirvana
Bands,Spice Girls
Bands,One Direction
Bands,Guns N' Roses
Bands,Queen
Bands,The Beach Boys
Bands,The White Stripes
Bands,Destiny's Child
Bands,Jackson 5
Bands,ABBA
Bands,The Eagles
Bands,Blondie
Bands,Fleetwood Mac
Film Genres,Horror
Film Genres,Action
Film Genres,Thriller
Film Genres,Sci-Fi
Film Genres,Rom-Com
Film Genres,Western
Film Genres,Comedy
Film Genres,Christmas
Film Genres,Gangster
Film Genres,Foreign Language
Film Genres,War
Film Genres,Documentary
Film Genres,Musical
Film Genres,Animations
Film Genres,Zombie
Film Genres,Sport
The Arts,Painting
The Arts,Scuplture
The Arts,Architecture
The Arts,Dance
The Arts,Literature
The Arts,Opera
The Arts,Stand-Up
The Arts,Comic Books
The Arts,Illustration
The Arts,Music
The Arts,Theatre
The Arts,Cinema
The Arts,Video Games
The Arts,Graffiti
The Arts,Fashion
The Arts,Photography
Sports,Football
Sports,Soccer
Sports,Golf
Sports,Baseball
Sports,Basketball
Sports,Ice Hockey
Sports,Sailing
Sports,Squash
Sports,Tannis
Sports,Badminton
Sports,Motor racing
Sports,Wrestling
Sports,Lacrosse
Sports,Volleyball
Sports,Triathlon
Sports,Cycling
Hobbies,Stamps
Hobbies,Trains
Hobbies,Model Making
Hobbies,Knitting
Hobbies,Fishing
Hobbies,Reading
Hobbies,Painting
Hobbies,Gardening
Hobbies,Sailing
Hobbies,Travel
Hobbies,Walking
Hobbies,Pottery
Hobbies,Cooking
Hobbies,Yoga
Hobbies,Photography
Hobbies,Hiking
Authors,Shakespeare
Authors,Tolkien
Authors,C.S. Lewis
Authors,J.K. Rowling
Authors,Stephen King
Authors,Earnest Hemingway
Authors,Edgar Allen Poe
Authors,Charles Dickens
Authors,T.S. Eliot
Authors,Tolstoy
Authors,Jane Austen
Authors,Mark Twain
Authors,Danielle Steel
Authors,John Grisham
Authors,Dan Brown
Authors,Agatha Christie
Cities,New York City
Cities,Moscow
Cities,Dehli
Cities,London
Cities,Paris
Cities,Rome
Cities,Rio De Janeiro
Cities,Sydney
Cities,Tokyo
Cities,Athens
Cities,Cairo
Cities,Hong Kong
Cities,Chicago
Cities,L.A.
Cities,San Francisco
Cities,Jerusalem
Rooms,Kitchen
Rooms,Hallway
Rooms,Greenhouse
Rooms,Bedroom
Rooms,Bathroom
Rooms,Dining Room
Rooms,Office
Rooms,Living Room
Rooms,Attic
Rooms,Basement
Rooms,Porch
Rooms,Nursery
Rooms,Den
Rooms,Bunker
Rooms,Shed
Rooms,Garage
Zoo,Elephant
Zoo,Giraffe
Zoo,Koala
Zoo,Tiger Woods
Zoo,Lion King
Zoo,Leopard
Zoo,Meerkat
Zoo,Buffalo
Zoo,Ostrich
Zoo,Owl
Zoo,Eagle
Zoo,Parrot
Zoo,Scorpian
Zoo,Alligator
Zoo,Zebra
Zoo,Gorilla
Mythical Creatures,Cyclops
Mythical Creatures,Pagasus
Mythical Creatures,Medusa
Mythical Creatures,Sphinx
Mythical Creatures,Werewolf
Mythical Creatures,Unicorn
Mythical Creatures,Dragon
Mythical Creatures,Troll
Mythical Creatures,Loch Ness Monster
Mythical Creatures,Mermaid
Mythical Creatures,Phoenix
Mythical Creatures,Vampire
Mythical Creatures,Minotaur
Mythical Creatures,Hydra
Mythical Creatures,Yeti
Mythical Creatures,Centaur
School,Math
School,Chemistry
School,Physics
School,Biology
School,History
School,Philosophy
School,Geography
School,English
School,Economics
School,Spanish
School,Art
School,Music
School,Gym
School,Latin
School,Religion
School,Technology
Geography,Lake
Geography,Sea
Geography,Valley
Geography,Mountain
Geography,River
Geography,Desert
Geography,Ocean
Geography,Forest
Geography,Jungle
Geography,Island
Geography,Glacier
Geography,Waterfall
Geography,Valcano
Geography,Cave
Geography,Artic
Geography,Swamp
Historical Figures,Jesus
Historical Figures,Napolean
Historical Figures,Stalin
Historical Figures,Amelia Earhart
Historical Figures,Darwin
Historical Figures,Martin Luther King Jr.
Historical Figures,Pocahontas
Historical Figures,Einstein
Historical Figures,Christopher Columbus
Historical Figures,Rosa Parks
Historical Figures,Anne Frank
Historical Figures,Caesar
Historical Figures,Mozart
Historical Figures,Cleopatra
Historical Figures,Buddha
Historical Figures,Churchill
Games,Monopoly
Games,Scrabble
Games,Mouse Trap
Games,Guess Who
Games,Risk
Games,Operation
Games,Twister
Games,Pictionary
Games,Battleship
Games,Backgammon
Games,Clue
Games,Chess
Games,Checkers
Games,Trivial Pursuit
Games,Jenga
Games,Hungry Hungry Hippos
States,California
States,Texas
States,Alabama
States,Hawaii
States,Florida
States,Montana
States,Nevada
States,Mississippi
States,North Carolina
States,New York
States,Kentucky
States,Tennessee
States,Colorado
States,Washington
States,Illinois
States,Alaska
Sci-Fi Fantasy,Star Wars
Sci-Fi Fantasy,Lord of the Rings
Sci-Fi Fantasy,Star Trek 
Sci-Fi Fantasy,Blade Runner
Sci-Fi Fantasy,The Addams Family 
Sci-Fi Fantasy,2001: A Space Odyssey
Sci-Fi Fantasy,Terminator
Sci-Fi Fantasy,His Dark Materials
Sci-Fi Fantasy,Dune
Sci-Fi Fantasy,The Princess Bride
Sci-Fi Fantasy,Alice's Adventures In Wonderland
Sci-Fi Fantasy,Gulliver's Travels
Sci-Fi Fantasy,The War of the Worlds
Sci-Fi Fantasy,The Martian
Sci-Fi Fantasy,WALL-E
Sci-Fi Fantasy,Edward Scissorhands
Fictional Characters,Indiana Jones
Fictional Characters,Mary Poppins 
Fictional Characters,Spiderman
Fictional Characters,Catwoman
Fictional Characters,James Bond
Fictional Characters,Wonder Woman
Fictional Characters,Princess Leia
Fictional Characters,The Little Mermaid
Fictional Characters,Dracula
Fictional Characters,Lara Croft
Fictional Characters,Robin Hood
Fictional Characters,Hermione Granger
Fictional Characters,Super Mario
Fictional Characters,Homer Simpson
Fictional Characters,Hercules
Fictional Characters,Katniss Everdeen
Jobs,Fisherman 
Jobs,Lumberjack
Jobs,Nursery
Jobs,Waiter
Jobs,Janitor
Jobs,Secretary
Jobs,Accountant
Jobs,Teacher
Jobs,Truck Driver
Jobs,Security Guard
Jobs,Chef
Jobs,Architect
Jobs,Police Officer 
Jobs,Lawyer
Jobs,Carpenter
Jobs,Butcher
Music,Rock 
Music,Heavy Metal
Music,Classical
Music,Funk
Music,Hip Hop
Music,Pop
Music,Techno
Music,Blues 
Music,Rap 
Music,Punk 
Music,Indie
Music,Christmas
Music,Country
Music,House
Music,Disco
Music,Reggae
Fairy Tales,Cinderella 
Fairy Tales,Goldilocks
Fairy Tales,Jack and the Beanstalk
Fairy Tales,Hare and the Tortoise
Fairy Tales,Snow White
Fairy Tales,Rapunzel
Fairy Tales,Aladdin
Fairy Tales,Princess and the Pea
Fairy Tales,Peter Pan
Fairy Tales,Little Red Riding Hood
Fairy Tales,Pinocchio
Fairy Tales,Beauty and the Beast
Fairy Tales,Sleeping Beauty 
Fairy Tales,Hansel and Gretel
Fairy Tales,Gingerbread Man
Fairy Tales,Three Little Pigs
Phobias,Ghosts 
Phobias,Spiders
Phobias,Monsters
Phobias,Rats 
Phobias,Toilets
Phobias,Snakes
Phobias,Germs
Phobias,Clowns
Phobias,Needles
Phobias,Dogs
Phobias,Birds
Phobias,Insects
Phobias,Children
Phobias,Shadows
Phobias,Roller Coasters
Phobias,Planes
